{
  "Criação de pedidos" : {
    "transaction" : "Criação de pedidos",
    "sampleCount" : 100,
    "errorCount" : 0,
    "errorPct" : 0.0,
    "meanResTime" : 85.24999999999997,
    "medianResTime" : 60.0,
    "minResTime" : 22.0,
    "maxResTime" : 360.0,
    "pct1ResTime" : 149.0,
    "pct2ResTime" : 340.3499999999994,
    "pct3ResTime" : 359.95,
    "throughput" : 10.715816545220747,
    "receivedKBytesPerSec" : 8.0564313317081,
    "sentKBytesPerSec" : 7.388053204029147
  },
  "Listar restaurantes" : {
    "transaction" : "Listar restaurantes",
    "sampleCount" : 100,
    "errorCount" : 0,
    "errorPct" : 0.0,
    "meanResTime" : 66.81999999999996,
    "medianResTime" : 39.5,
    "minResTime" : 15.0,
    "maxResTime" : 420.0,
    "pct1ResTime" : 106.9,
    "pct2ResTime" : 243.2999999999996,
    "pct3ResTime" : 419.96,
    "throughput" : 10.283833813245577,
    "receivedKBytesPerSec" : 28.842940148087205,
    "sentKBytesPerSec" : 3.976951357466063
  },
  "Consulta de Pedidos" : {
    "transaction" : "Consulta de Pedidos",
    "sampleCount" : 100,
    "errorCount" : 0,
    "errorPct" : 0.0,
    "meanResTime" : 61.98999999999998,
    "medianResTime" : 43.5,
    "minResTime" : 18.0,
    "maxResTime" : 274.0,
    "pct1ResTime" : 96.50000000000003,
    "pct2ResTime" : 242.95,
    "pct3ResTime" : 273.9,
    "throughput" : 11.108642523883582,
    "receivedKBytesPerSec" : 9.340372278382581,
    "sentKBytesPerSec" : 4.263375499888913
  },
  "Login simultâneo" : {
    "transaction" : "Login simultâneo",
    "sampleCount" : 100,
    "errorCount" : 0,
    "errorPct" : 0.0,
    "meanResTime" : 399.99,
    "medianResTime" : 391.0,
    "minResTime" : 321.0,
    "maxResTime" : 529.0,
    "pct1ResTime" : 466.8,
    "pct2ResTime" : 484.95,
    "pct3ResTime" : 528.7899999999998,
    "throughput" : 9.776126698602015,
    "receivedKBytesPerSec" : 6.062344192980741,
    "sentKBytesPerSec" : 2.3485616873594686
  },
  "Total" : {
    "transaction" : "Total",
    "sampleCount" : 400,
    "errorCount" : 0,
    "errorPct" : 0.0,
    "meanResTime" : 153.51250000000005,
    "medianResTime" : 64.0,
    "minResTime" : 15.0,
    "maxResTime" : 529.0,
    "pct1ResTime" : 415.80000000000007,
    "pct2ResTime" : 449.95,
    "pct3ResTime" : 489.95000000000005,
    "throughput" : 38.83495145631068,
    "receivedKBytesPerSec" : 48.713118173543684,
    "sentKBytesPerSec" : 16.506750606796114
  }
}