{
  "Criação de pedidos" : {
    "transaction" : "Criação de pedidos",
    "sampleCount" : 500,
    "errorCount" : 0,
    "errorPct" : 0.0,
    "meanResTime" : 11219.130000000005,
    "medianResTime" : 7010.5,
    "minResTime" : 74.0,
    "maxResTime" : 31668.0,
    "pct1ResTime" : 29024.600000000002,
    "pct2ResTime" : 29548.75,
    "pct3ResTime" : 30530.160000000003,
    "throughput" : 8.906464311797501,
    "receivedKBytesPerSec" : 6.704775896658294,
    "sentKBytesPerSec" : 6.140589652469762
  },
  "Listar restaurantes" : {
    "transaction" : "Listar restaurantes",
    "sampleCount" : 500,
    "errorCount" : 0,
    "errorPct" : 0.0,
    "meanResTime" : 9848.012000000004,
    "medianResTime" : 9824.0,
    "minResTime" : 598.0,
    "maxResTime" : 19648.0,
    "pct1ResTime" : 14812.7,
    "pct2ResTime" : 15459.8,
    "pct3ResTime" : 17124.38,
    "throughput" : 15.941844152531564,
    "receivedKBytesPerSec" : 44.71189102155337,
    "sentKBytesPerSec" : 6.165010043361816
  },
  "Consulta de Pedidos" : {
    "transaction" : "Consulta de Pedidos",
    "sampleCount" : 500,
    "errorCount" : 25,
    "errorPct" : 5.0,
    "meanResTime" : 18432.04399999997,
    "medianResTime" : 24472.0,
    "minResTime" : 65.0,
    "maxResTime" : 59637.0,
    "pct1ResTime" : 29851.300000000003,
    "pct2ResTime" : 34760.05,
    "pct3ResTime" : 58843.15,
    "throughput" : 5.757317550606821,
    "receivedKBytesPerSec" : 4.707338007075743,
    "sentKBytesPerSec" : 2.2095955052621883
  },
  "Login simultâneo" : {
    "transaction" : "Login simultâneo",
    "sampleCount" : 500,
    "errorCount" : 0,
    "errorPct" : 0.0,
    "meanResTime" : 8025.372000000003,
    "medianResTime" : 8021.0,
    "minResTime" : 400.0,
    "maxResTime" : 16891.0,
    "pct1ResTime" : 13710.6,
    "pct2ResTime" : 14321.9,
    "pct3ResTime" : 16362.750000000002,
    "throughput" : 19.538118869915206,
    "receivedKBytesPerSec" : 12.115923322652495,
    "sentKBytesPerSec" : 4.693727775389785
  },
  "Total" : {
    "transaction" : "Total",
    "sampleCount" : 2000,
    "errorCount" : 25,
    "errorPct" : 1.25,
    "meanResTime" : 11881.13950000003,
    "medianResTime" : 9095.0,
    "minResTime" : 65.0,
    "maxResTime" : 59637.0,
    "pct1ResTime" : 25160.7,
    "pct2ResTime" : 29360.8,
    "pct3ResTime" : 35114.86,
    "throughput" : 21.964264142240573,
    "receivedKBytesPerSec" : 27.4291403667483,
    "sentKBytesPerSec" : 9.335884734287314
  }
}