{
  "Criação de pedidos" : {
    "transaction" : "Criação de pedidos",
    "sampleCount" : 1000,
    "errorCount" : 158,
    "errorPct" : 15.8,
    "meanResTime" : 68523.01000000001,
    "medianResTime" : 46823.5,
    "minResTime" : 259.0,
    "maxResTime" : 270003.0,
    "pct1ResTime" : 169528.8,
    "pct2ResTime" : 200926.09999999974,
    "pct3ResTime" : 243345.91000000015,
    "throughput" : 2.8287422846054184,
    "receivedKBytesPerSec" : 1.9633101296907618,
    "sentKBytesPerSec" : 1.9502852079408453
  },
  "Listar restaurantes" : {
    "transaction" : "Listar restaurantes",
    "sampleCount" : 1000,
    "errorCount" : 0,
    "errorPct" : 0.0,
    "meanResTime" : 26712.708999999995,
    "medianResTime" : 26611.0,
    "minResTime" : 32.0,
    "maxResTime" : 71074.0,
    "pct1ResTime" : 35617.6,
    "pct2ResTime" : 43935.04999999998,
    "pct3ResTime" : 48631.15,
    "throughput" : 8.613857974709713,
    "receivedKBytesPerSec" : 24.159179788443648,
    "sentKBytesPerSec" : 3.3311403886572717
  },
  "Consulta de Pedidos" : {
    "transaction" : "Consulta de Pedidos",
    "sampleCount" : 1000,
    "errorCount" : 366,
    "errorPct" : 36.6,
    "meanResTime" : 204074.99999999977,
    "medianResTime" : 224924.0,
    "minResTime" : 12960.0,
    "maxResTime" : 329745.0,
    "pct1ResTime" : 297189.0,
    "pct2ResTime" : 315228.8,
    "pct3ResTime" : 315663.81,
    "throughput" : 2.482449084969267,
    "receivedKBytesPerSec" : 1.6658348522818673,
    "sentKBytesPerSec" : 0.9527368070243379
  },
  "Login simultâneo" : {
    "transaction" : "Login simultâneo",
    "sampleCount" : 1000,
    "errorCount" : 0,
    "errorPct" : 0.0,
    "meanResTime" : 18828.684000000005,
    "medianResTime" : 18829.0,
    "minResTime" : 504.0,
    "maxResTime" : 49634.0,
    "pct1ResTime" : 32735.1,
    "pct2ResTime" : 34266.95,
    "pct3ResTime" : 36550.17,
    "throughput" : 16.911031065564067,
    "receivedKBytesPerSec" : 10.486821022102717,
    "sentKBytesPerSec" : 4.062610978641367
  },
  "Total" : {
    "transaction" : "Total",
    "sampleCount" : 4000,
    "errorCount" : 524,
    "errorPct" : 13.1,
    "meanResTime" : 79534.85075000011,
    "medianResTime" : 33921.0,
    "minResTime" : 32.0,
    "maxResTime" : 329745.0,
    "pct1ResTime" : 243513.6,
    "pct2ResTime" : 274854.45,
    "pct3ResTime" : 315281.92,
    "throughput" : 8.938327772948599,
    "receivedKBytesPerSec" : 10.703440198257695,
    "sentKBytesPerSec" : 3.7992257452889424
  }
}