{
  "Criação de pedidos" : {
    "transaction" : "Criação de pedidos",
    "sampleCount" : 200,
    "errorCount" : 0,
    "errorPct" : 0.0,
    "meanResTime" : 847.24,
    "medianResTime" : 649.5,
    "minResTime" : 42.0,
    "maxResTime" : 3340.0,
    "pct1ResTime" : 1975.9,
    "pct2ResTime" : 2358.3499999999995,
    "pct3ResTime" : 3254.3300000000017,
    "throughput" : 16.570008285004143,
    "receivedKBytesPerSec" : 12.473866637323944,
    "sentKBytesPerSec" : 11.424243993371997
  },
  "Listar restaurantes" : {
    "transaction" : "Listar restaurantes",
    "sampleCount" : 200,
    "errorCount" : 0,
    "errorPct" : 0.0,
    "meanResTime" : 1013.3099999999995,
    "medianResTime" : 849.5,
    "minResTime" : 25.0,
    "maxResTime" : 4251.0,
    "pct1ResTime" : 2296.4,
    "pct2ResTime" : 2594.6999999999985,
    "pct3ResTime" : 3205.1600000000035,
    "throughput" : 16.58374792703151,
    "receivedKBytesPerSec" : 46.51223051409618,
    "sentKBytesPerSec" : 6.413246268656716
  },
  "Consulta de Pedidos" : {
    "transaction" : "Consulta de Pedidos",
    "sampleCount" : 200,
    "errorCount" : 0,
    "errorPct" : 0.0,
    "meanResTime" : 719.8399999999995,
    "medianResTime" : 501.5,
    "minResTime" : 23.0,
    "maxResTime" : 3822.0,
    "pct1ResTime" : 1825.9000000000005,
    "pct2ResTime" : 2208.4499999999994,
    "pct3ResTime" : 3215.0,
    "throughput" : 16.6237220513673,
    "receivedKBytesPerSec" : 13.977563170143794,
    "sentKBytesPerSec" : 6.380002701354833
  },
  "Login simultâneo" : {
    "transaction" : "Login simultâneo",
    "sampleCount" : 200,
    "errorCount" : 0,
    "errorPct" : 0.0,
    "meanResTime" : 1036.3649999999998,
    "medianResTime" : 886.0,
    "minResTime" : 337.0,
    "maxResTime" : 2567.0,
    "pct1ResTime" : 1765.9,
    "pct2ResTime" : 1935.8499999999997,
    "pct3ResTime" : 2425.8,
    "throughput" : 16.37465203864418,
    "receivedKBytesPerSec" : 10.154203168495169,
    "sentKBytesPerSec" : 3.93375429834616
  },
  "Total" : {
    "transaction" : "Total",
    "sampleCount" : 800,
    "errorCount" : 0,
    "errorPct" : 0.0,
    "meanResTime" : 904.1887499999999,
    "medianResTime" : 753.0,
    "minResTime" : 23.0,
    "maxResTime" : 4251.0,
    "pct1ResTime" : 1952.6999999999998,
    "pct2ResTime" : 2307.7999999999997,
    "pct3ResTime" : 3087.020000000002,
    "throughput" : 64.09229290177856,
    "receivedKBytesPerSec" : 80.41055682683064,
    "sentKBytesPerSec" : 27.242353989745233
  }
}